--INSERCION DE DATOS DEL ADMINISTRADOR DE TALENTO HUMANO
insert into PERSONAL_TH(ID_PERSONALTH, CEDULA, NOMBRE, APELLIDO,
TELEFONO_EMPLEADO, DIRECCION_, CORREO_PERSONAL) values
('1','1314683010', 'EDWARD', 'ESPINOZA', '0939733694','LOS ESTEROS', 'EDWARDESPIN12@GMAIL.COM' ),
('2','1314534411', 'YOMARY', 'MENENDEZ', '0989326410','ALTAGRACIA', 'YOLESTORE20@HOTMAIL.COM' ),
('3','1312303462', 'LISETTE', 'VERA', '0908754300','CIUDADELA UNIVERSITARIA', 'LISETTEVE08@GMAIL.COM' ),
('4','1304987653','GLAUCIO', 'MERO', '0987647253', 'LA VICTORIA', 'GLAUCIO20@HOTMAIL.COM');


--INSERCION DE DATOS DEL DEPARTAMENTO
insert into DEPARTAMENTO(ID_DEPARTAMENTO, NUM_DEPARTAMENTO, CARGO, HORARIO) values
('01','2', 'GERENTE', '08:00 / 16:00'),
('02','4', 'ASISTENTE', '08:00 / 17:00'),
('03','6', 'SECRETARIA', '08:00 / 17:00'),
('04','8','ADMINISTRADOR','08:00 / 17:00');


--INSERCION DE DATOS DEL HORARIO
insert into HORARIO(ID_HORARIO, ID_DEPARTAMENTO, ENTRADA, SALIDA, RETRASO, HORA_EXTRA) values
('001','01', '01/06/2022 08:00 AM', '01/06/2022 16:00 PM', '25 MIN', '45 MIN'),
('002','02', '01/06/2022 08:00 AM', '01/06/2022 17:00 PM', '10 MIN', '60 MIN'),
('003','03', '01/06/2022 08:00 AM', '01/06/2022 17:00 PM', '10 MIN', '60 MIN'),
('004','04', '01/06/2022 08:00 AM', '01/06/2022 17:00 PM', '20 MIN', '45 MIN');


--INSERCION DE DATOS DEL SERVICIO
insert into SERVICIO(ID_SERVICIO, ID_PERSONALTH, VACACIONES_CONTRATO, PERMISO, ENFERMEDAD, 
ACCIDENTE_LABORAL) values
('06','1', '1 MES', '30/04/2022 10:45 AM', 'NO', 'NO'),
('07','2', '2 MES', '01/06/2022 14:45 PM', 'NO', 'NO'),
('08','3', '1 MES', '01/06/2022 09:45 AM', 'N0', 'SI'),
('09','4', '3 MESES', '01/06/2022 15:00 PM', 'SI', 'NO');


--INSERCION DE DATOS DE LOS EMPLEADOS
insert into EMPLEADO(ID_EMPLEADO, ID_PERSONALTH, ID_DEPARTAMENTO, CEDULA_EMPLEADO, NOMBRE_EMPLEADO,
 APELLIDO_EMPLEADO, TELEFONO_EMPLEADO, PROVINCIA_EMPLEADO, DIRECCION_, EMAIL_EMPLEADO, GENERO_EMPLEADO,
 CONTRATO_EMPLEADO, DEPARTAMENTO_EMPLEADO) values
('011','1', '01', '1314683010', 'EDWARD','ESPINOZA', '0939733694', 'MANTA',
'LOS ESTEROS', 'EDWARDESPIN12@GMAIL.COM', 'MASCULINO', '24 MESES', 'GERENCIA'),
('022','2', '02', '1314534411', 'YOMARY','MENENDEZ', '0989326410', 'MANTA',
'ALTAGRACIA', 'YOLESTORE20@HOTMAIL.COM', 'FEMENINO', '8 MESES', 'GERENCIA'),
('033','3', '03', '1312303462', 'LISETTE','VERA', '0908754300', 'MANTA',
'CIUDADELA UNIVERSITARIA', 'LISETTEVE08@GMAIL.COM', 'FEMENINO', '8 MESES', 'ADMINISTRACION'),
('044','4', '04', '1304987653', 'GLAUCIO','MERO', '0987647253', 'MANTA',
'LA VICTORIA', 'GLAUCIO20@HOTMAIL.COM', 'MASCULINO', '8 MESES', 'ADMINISTRACION');

--INSERCION DE DATOS DEL CONTRATO
insert into CONTRATO(ID_CONTRATO, ID_EMPLEADO, FECHA_CONTRATO, DURACION_CONTRATO, SEGURO_CONTRATO,
 BONO_CONTRATO, SUELDO_CONTRATO, VACACIONES_CONTRATO) values
('01','011', '20/03/2022', '24 MESES', 'SI APLICA','SI APLICA', '1220.00', 'SI APLICA'),
('02','022', '30/04/2022', '8 MESES', 'SI APLICA','SI APLICA', '600.30', 'SI APLICA'),
('03','033', '30/04/2022', '8 MESES', 'SI APLICA','SI APLICA', '540.00', 'SI APLICA'),
('04','044', '30/04/2022', '8 MESES', 'SI APLICA','SI APLICA', '490.30', 'SI APLICA');